Instance,Method,Profit,Weight,NumItems,Time,Feasible
10I1,Greedy_MaxProfit,4110,3640,47,0.000298,Yes
10I1,Greedy_MinWeight,1493,1073,42,0.000261,Yes
10I1,Greedy_MaxProfitWeight,1493,1073,42,0.000220,Yes
10I1,Greedy_MinConflicts,2954,2454,50,0.000388,Yes
10I1,GRASP_100_0.3,2153,1633,52,0.839185,Yes
10I2,Greedy_MaxProfit,4087,3637,45,0.000326,Yes
10I2,Greedy_MinWeight,1549,1079,47,0.000234,Yes
10I2,Greedy_MaxProfitWeight,1549,1079,47,0.000236,Yes
10I2,Greedy_MinConflicts,2993,2483,51,0.000380,Yes
10I2,GRASP_100_0.3,1939,1449,49,0.799542,Yes
10I3,Greedy_MaxProfit,4277,3807,47,0.000372,Yes
10I3,Greedy_MinWeight,1186,756,43,0.000240,Yes
10I3,Greedy_MaxProfitWeight,1186,756,43,0.000235,Yes
10I3,Greedy_MinConflicts,2887,2397,49,0.000373,Yes
10I3,GRASP_100_0.3,1852,1352,50,0.737496,Yes
10I4,Greedy_MaxProfit,4430,3950,48,0.000474,Yes
10I4,Greedy_MinWeight,1162,752,41,0.000285,Yes
10I4,Greedy_MaxProfitWeight,1162,752,41,0.000232,Yes
10I4,Greedy_MinConflicts,3379,2889,49,0.000392,Yes
10I4,GRASP_100_0.3,2055,1565,49,0.810485,Yes
10I5,Greedy_MaxProfit,4032,3582,45,0.000347,Yes
10I5,Greedy_MinWeight,1047,657,39,0.000215,Yes
10I5,Greedy_MaxProfitWeight,1047,657,39,0.000216,Yes
10I5,Greedy_MinConflicts,2515,2035,48,0.000377,Yes
10I5,GRASP_100_0.3,1875,1405,47,0.740309,Yes
1I1,Greedy_MaxProfit,3322,2932,39,0.000179,Yes
1I1,Greedy_MinWeight,1234,840,34,0.000107,Yes
1I1,Greedy_MaxProfitWeight,1581,976,40,0.000141,Yes
1I1,Greedy_MinConflicts,2949,2442,42,0.000191,Yes
1I1,GRASP_100_0.3,2000,1375,42,0.290161,Yes
1I2,Greedy_MaxProfit,3254,2904,35,0.000155,Yes
1I2,Greedy_MinWeight,1325,814,39,0.000119,Yes
1I2,Greedy_MaxProfitWeight,1569,936,39,0.000125,Yes
1I2,Greedy_MinConflicts,2667,2187,42,0.000176,Yes
1I2,GRASP_100_0.3,2001,1298,43,0.332424,Yes
1I3,Greedy_MaxProfit,3220,2850,37,0.000164,Yes
1I3,Greedy_MinWeight,1335,945,39,0.000129,Yes
1I3,Greedy_MaxProfitWeight,1335,945,39,0.000115,Yes
1I3,Greedy_MinConflicts,2359,1929,43,0.000180,Yes
1I3,GRASP_100_0.3,1907,1467,44,0.282303,Yes
1I4,Greedy_MaxProfit,3437,3037,40,0.000164,Yes
1I4,Greedy_MinWeight,1256,886,37,0.000116,Yes
1I4,Greedy_MaxProfitWeight,1256,886,37,0.000101,Yes
1I4,Greedy_MinConflicts,2550,2140,41,0.000180,Yes
1I4,GRASP_100_0.3,1927,1527,40,0.290526,Yes
1I5,Greedy_MaxProfit,3421,3031,39,0.000157,Yes
1I5,Greedy_MinWeight,1684,1254,43,0.000121,Yes
1I5,Greedy_MaxProfitWeight,1684,1254,43,0.000119,Yes
1I5,Greedy_MinConflicts,2373,1973,40,0.000204,Yes
1I5,GRASP_100_0.3,2403,1923,48,0.316948,Yes
2I1,Greedy_MaxProfit,1753,1563,19,0.000083,Yes
2I1,Greedy_MinWeight,602,402,20,0.000069,Yes
2I1,Greedy_MaxProfitWeight,602,402,20,0.000056,Yes
2I1,Greedy_MinConflicts,1654,1384,27,0.000125,Yes
2I1,GRASP_100_0.3,1043,813,23,0.096296,Yes
2I2,Greedy_MaxProfit,1803,1603,20,0.000098,Yes
2I2,Greedy_MinWeight,663,443,22,0.000073,Yes
2I2,Greedy_MaxProfitWeight,663,443,22,0.000075,Yes
2I2,Greedy_MinConflicts,1530,1300,23,0.000116,Yes
2I2,GRASP_100_0.3,1172,932,24,0.094916,Yes
2I3,Greedy_MaxProfit,1851,1630,22,0.000158,Yes
2I3,Greedy_MinWeight,759,519,24,0.000091,Yes
2I3,Greedy_MaxProfitWeight,638,428,21,0.000086,Yes
2I3,Greedy_MinConflicts,1656,1416,24,0.000114,Yes
2I3,GRASP_100_0.3,867,616,25,0.101592,Yes
2I4,Greedy_MaxProfit,1985,1755,23,0.000109,Yes
2I4,Greedy_MinWeight,631,421,21,0.000063,Yes
2I4,Greedy_MaxProfitWeight,631,421,21,0.000052,Yes
2I4,Greedy_MinConflicts,1237,1017,22,0.000113,Yes
2I4,GRASP_100_0.3,778,558,22,0.088685,Yes
2I5,Greedy_MaxProfit,1979,1769,21,0.000099,Yes
2I5,Greedy_MinWeight,766,546,22,0.000062,Yes
2I5,Greedy_MaxProfitWeight,766,546,22,0.000052,Yes
2I5,Greedy_MinConflicts,1632,1382,25,0.000152,Yes
2I5,GRASP_100_0.3,1177,927,25,0.096432,Yes
3I1,Greedy_MaxProfit,1315,1175,14,0.000092,Yes
3I1,Greedy_MinWeight,258,128,13,0.000079,Yes
3I1,Greedy_MaxProfitWeight,258,128,13,0.000056,Yes
3I1,Greedy_MinConflicts,1273,1083,19,0.000091,Yes
3I1,GRASP_100_0.3,390,240,15,0.054708,Yes
3I2,Greedy_MaxProfit,1407,1257,15,0.000073,Yes
3I2,Greedy_MinWeight,536,376,16,0.000047,Yes
3I2,Greedy_MaxProfitWeight,536,376,16,0.000042,Yes
3I2,Greedy_MinConflicts,785,645,14,0.000083,Yes
3I2,GRASP_100_0.3,626,466,16,0.051194,Yes
3I3,Greedy_MaxProfit,1390,1250,14,0.000062,Yes
3I3,Greedy_MinWeight,425,255,17,0.000056,Yes
3I3,Greedy_MaxProfitWeight,425,255,17,0.000050,Yes
3I3,Greedy_MinConflicts,1016,856,16,0.000088,Yes
3I3,GRASP_100_0.3,612,452,16,0.050080,Yes
3I4,Greedy_MaxProfit,1396,1246,15,0.000063,Yes
3I4,Greedy_MinWeight,709,529,18,0.000051,Yes
3I4,Greedy_MaxProfitWeight,709,529,18,0.000057,Yes
3I4,Greedy_MinConflicts,1102,922,18,0.000085,Yes
3I4,GRASP_100_0.3,709,529,18,0.056931,Yes
3I5,Greedy_MaxProfit,1365,1215,15,0.000065,Yes
3I5,Greedy_MinWeight,390,250,14,0.000056,Yes
3I5,Greedy_MaxProfitWeight,390,250,14,0.000042,Yes
3I5,Greedy_MinConflicts,1122,952,17,0.000092,Yes
3I5,GRASP_100_0.3,826,646,18,0.054819,Yes
4I1,Greedy_MaxProfit,981,871,11,0.000057,Yes
4I1,Greedy_MinWeight,251,151,10,0.000047,Yes
4I1,Greedy_MaxProfitWeight,251,151,10,0.000043,Yes
4I1,Greedy_MinConflicts,800,690,11,0.000076,Yes
4I1,GRASP_100_0.3,467,337,13,0.036813,Yes
4I2,Greedy_MaxProfit,1118,1008,11,0.000054,Yes
4I2,Greedy_MinWeight,308,198,11,0.000047,Yes
4I2,Greedy_MaxProfitWeight,308,198,11,0.000038,Yes
4I2,Greedy_MinConflicts,645,535,11,0.000078,Yes
4I2,GRASP_100_0.3,408,298,11,0.035030,Yes
4I3,Greedy_MaxProfit,1109,999,11,0.000054,Yes
4I3,Greedy_MinWeight,413,303,11,0.000034,Yes
4I3,Greedy_MaxProfitWeight,413,303,11,0.000026,Yes
4I3,Greedy_MinConflicts,719,599,12,0.000070,Yes
4I3,GRASP_100_0.3,413,303,11,0.027268,Yes
4I4,Greedy_MaxProfit,1209,1089,12,0.000056,Yes
4I4,Greedy_MinWeight,377,267,11,0.000052,Yes
4I4,Greedy_MaxProfitWeight,377,267,11,0.000036,Yes
4I4,Greedy_MinConflicts,815,715,10,0.000074,Yes
4I4,GRASP_100_0.3,534,404,13,0.035534,Yes
4I5,Greedy_MaxProfit,859,759,10,0.000051,Yes
4I5,Greedy_MinWeight,207,107,10,0.000048,Yes
4I5,Greedy_MaxProfitWeight,207,107,10,0.000039,Yes
4I5,Greedy_MinConflicts,838,708,13,0.000078,Yes
4I5,GRASP_100_0.3,406,286,12,0.032945,Yes
5I1,Greedy_MaxProfit,6884,6084,80,0.000518,Yes
5I1,Greedy_MinWeight,2542,1772,77,0.000386,Yes
5I1,Greedy_MaxProfitWeight,2542,1772,77,0.000367,Yes
5I1,Greedy_MinConflicts,5519,4629,89,0.000647,Yes
5I1,GRASP_100_0.3,3103,2303,80,2.256623,Yes
5I2,Greedy_MaxProfit,6867,6097,77,0.000470,Yes
5I2,Greedy_MinWeight,2404,1674,73,0.000360,Yes
5I2,Greedy_MaxProfitWeight,2404,1674,73,0.000340,Yes
5I2,Greedy_MinConflicts,5395,4525,87,0.000609,Yes
5I2,GRASP_100_0.3,3501,2661,84,2.329778,Yes
5I3,Greedy_MaxProfit,6856,6076,78,0.000519,Yes
5I3,Greedy_MinWeight,2445,1685,76,0.000373,Yes
5I3,Greedy_MaxProfitWeight,2445,1685,76,0.000341,Yes
5I3,Greedy_MinConflicts,5134,4274,86,0.000621,Yes
5I3,GRASP_100_0.3,3322,2512,81,2.190378,Yes
5I4,Greedy_MaxProfit,6547,5777,77,0.000541,Yes
5I4,Greedy_MinWeight,2520,1770,75,0.000375,Yes
5I4,Greedy_MaxProfitWeight,2520,1770,75,0.000347,Yes
5I4,Greedy_MinConflicts,5284,4364,92,0.000671,Yes
5I4,GRASP_100_0.3,3525,2645,88,2.368585,Yes
5I5,Greedy_MaxProfit,6698,5928,77,0.000519,Yes
5I5,Greedy_MinWeight,2327,1597,73,0.000368,Yes
5I5,Greedy_MaxProfitWeight,2327,1597,73,0.000353,Yes
5I5,Greedy_MinConflicts,4935,4065,87,0.000624,Yes
5I5,GRASP_100_0.3,3312,2492,82,2.152327,Yes
6I1,Greedy_MaxProfit,6218,5528,69,0.000489,Yes
6I1,Greedy_MinWeight,1925,1275,65,0.000323,Yes
6I1,Greedy_MaxProfitWeight,1925,1275,65,0.000296,Yes
6I1,Greedy_MinConflicts,4734,3984,75,0.000530,Yes
6I1,GRASP_100_0.3,2852,2122,73,1.711487,Yes
6I2,Greedy_MaxProfit,6124,5424,70,0.000463,Yes
6I2,Greedy_MinWeight,1973,1303,67,0.000327,Yes
6I2,Greedy_MaxProfitWeight,1973,1303,67,0.000318,Yes
6I2,Greedy_MinConflicts,4587,3807,78,0.000559,Yes
6I2,GRASP_100_0.3,2727,2017,71,1.668282,Yes
6I3,Greedy_MaxProfit,6008,5298,71,0.000476,Yes
6I3,Greedy_MinWeight,2383,1713,67,0.000332,Yes
6I3,Greedy_MaxProfitWeight,2383,1713,67,0.000346,Yes
6I3,Greedy_MinConflicts,4452,3682,77,0.000537,Yes
6I3,GRASP_100_0.3,3174,2444,73,1.725401,Yes
6I4,Greedy_MaxProfit,6319,5609,71,0.000471,Yes
6I4,Greedy_MinWeight,2039,1399,64,0.000324,Yes
6I4,Greedy_MaxProfitWeight,2039,1399,64,0.000289,Yes
6I4,Greedy_MinConflicts,4932,4182,75,0.000539,Yes
6I4,GRASP_100_0.3,2837,2107,73,1.626416,Yes
6I5,Greedy_MaxProfit,5980,5310,67,0.000444,Yes
6I5,Greedy_MinWeight,2685,2005,68,0.000316,Yes
6I5,Greedy_MaxProfitWeight,2685,2005,68,0.000314,Yes
6I5,Greedy_MinConflicts,4418,3658,76,0.000519,Yes
6I5,GRASP_100_0.3,3180,2460,72,1.639962,Yes
7I1,Greedy_MaxProfit,5253,4653,60,0.000409,Yes
7I1,Greedy_MinWeight,2262,1652,61,0.000292,Yes
7I1,Greedy_MaxProfitWeight,2262,1652,61,0.000285,Yes
7I1,Greedy_MinConflicts,4146,3476,67,0.000491,Yes
7I1,GRASP_100_0.3,2845,2175,67,1.474182,Yes
7I2,Greedy_MaxProfit,5429,4859,57,0.000414,Yes
7I2,Greedy_MinWeight,1809,1229,58,0.000291,Yes
7I2,Greedy_MaxProfitWeight,1809,1229,58,0.000284,Yes
7I2,Greedy_MinConflicts,3614,2974,64,0.000484,Yes
7I2,GRASP_100_0.3,2494,1854,64,1.338290,Yes
7I3,Greedy_MaxProfit,5228,4618,61,0.000440,Yes
7I3,Greedy_MinWeight,1844,1274,57,0.000298,Yes
7I3,Greedy_MaxProfitWeight,1844,1274,57,0.000270,Yes
7I3,Greedy_MinConflicts,3886,3246,64,0.000469,Yes
7I3,GRASP_100_0.3,2291,1661,63,1.280418,Yes
7I4,Greedy_MaxProfit,4793,4203,59,0.000388,Yes
7I4,Greedy_MinWeight,1718,1148,57,0.000286,Yes
7I4,Greedy_MaxProfitWeight,1718,1148,57,0.000268,Yes
7I4,Greedy_MinConflicts,3950,3260,69,0.000502,Yes
7I4,GRASP_100_0.3,2455,1765,69,1.422330,Yes
7I5,Greedy_MaxProfit,5617,4987,63,0.000401,Yes
7I5,Greedy_MinWeight,1893,1293,60,0.000296,Yes
7I5,Greedy_MaxProfitWeight,1893,1293,60,0.000260,Yes
7I5,Greedy_MinConflicts,3766,3096,67,0.000477,Yes
7I5,GRASP_100_0.3,2711,2071,64,1.297228,Yes
8I1,Greedy_MaxProfit,4651,4141,51,0.000346,Yes
8I1,Greedy_MinWeight,1597,1057,54,0.000270,Yes
8I1,Greedy_MaxProfitWeight,1597,1057,54,0.000252,Yes
8I1,Greedy_MinConflicts,3561,2971,59,0.000438,Yes
8I1,GRASP_100_0.3,2386,1776,61,1.180540,Yes
8I2,Greedy_MaxProfit,5178,4598,58,0.000337,Yes
8I2,Greedy_MinWeight,1997,1417,58,0.000271,Yes
8I2,Greedy_MaxProfitWeight,1997,1417,58,0.000253,Yes
8I2,Greedy_MinConflicts,3469,2889,58,0.000426,Yes
8I2,GRASP_100_0.3,2291,1691,60,1.180471,Yes
8I3,Greedy_MaxProfit,4268,3738,53,0.000412,Yes
8I3,Greedy_MinWeight,1435,935,50,0.000297,Yes
8I3,Greedy_MaxProfitWeight,1435,935,50,0.000245,Yes
8I3,Greedy_MinConflicts,3122,2542,58,0.000451,Yes
8I3,GRASP_100_0.3,2151,1571,58,1.151949,Yes
8I4,Greedy_MaxProfit,5145,4595,55,0.000466,Yes
8I4,Greedy_MinWeight,1257,767,49,0.000341,Yes
8I4,Greedy_MaxProfitWeight,1257,767,49,0.000260,Yes
8I4,Greedy_MinConflicts,3259,2709,55,0.000450,Yes
8I4,GRASP_100_0.3,2100,1510,59,0.998116,Yes
8I5,Greedy_MaxProfit,5056,4496,56,0.000398,Yes
8I5,Greedy_MinWeight,1818,1298,52,0.000285,Yes
8I5,Greedy_MaxProfitWeight,1818,1298,52,0.000239,Yes
8I5,Greedy_MinConflicts,3271,2711,56,0.000425,Yes
8I5,GRASP_100_0.3,2160,1580,58,1.031942,Yes
9I1,Greedy_MaxProfit,4591,4071,52,0.000360,Yes
9I1,Greedy_MinWeight,1640,1140,50,0.000261,Yes
9I1,Greedy_MaxProfitWeight,1640,1140,50,0.000223,Yes
9I1,Greedy_MinConflicts,3097,2577,52,0.000386,Yes
9I1,GRASP_100_0.3,2181,1621,56,0.917194,Yes
9I2,Greedy_MaxProfit,4240,3770,47,0.000322,Yes
9I2,Greedy_MinWeight,1326,846,48,0.000233,Yes
9I2,Greedy_MaxProfitWeight,1326,846,48,0.000229,Yes
9I2,Greedy_MinConflicts,2916,2386,53,0.000398,Yes
9I2,GRASP_100_0.3,2265,1705,56,0.987909,Yes
9I3,Greedy_MaxProfit,4383,3903,48,0.000342,Yes
9I3,Greedy_MinWeight,2062,1542,52,0.000246,Yes
9I3,Greedy_MaxProfitWeight,2062,1542,52,0.000237,Yes
9I3,Greedy_MinConflicts,3239,2669,57,0.000400,Yes
9I3,GRASP_100_0.3,2143,1603,54,0.901826,Yes
9I4,Greedy_MaxProfit,4654,4124,53,0.000406,Yes
9I4,Greedy_MinWeight,1329,879,45,0.000247,Yes
9I4,Greedy_MaxProfitWeight,1329,879,45,0.000234,Yes
9I4,Greedy_MinConflicts,3405,2825,58,0.000423,Yes
9I4,GRASP_100_0.3,1870,1380,49,0.867489,Yes
9I5,Greedy_MaxProfit,4308,3828,48,0.000330,Yes
9I5,Greedy_MinWeight,1763,1273,49,0.000240,Yes
9I5,Greedy_MaxProfitWeight,1763,1273,49,0.000245,Yes
9I5,Greedy_MinConflicts,3517,2967,55,0.000402,Yes
9I5,GRASP_100_0.3,2051,1521,53,0.910055,Yes
11I1.txt,Greedy_MaxProfit,31741,30761,98,0.001263,Yes
11I1.txt,Greedy_MinWeight,11919,10869,105,0.001254,Yes
11I1.txt,Greedy_MaxProfitWeight,11919,10869,105,0.001201,Yes
11I1.txt,Greedy_MinConflicts,25579,24409,117,0.001258,Yes
11I1.txt,GRASP_100_0.3,15604,14494,111,8.390376,Yes
11I2.txt,Greedy_MaxProfit,31272,30312,96,0.001162,Yes
11I2.txt,Greedy_MinWeight,11017,10017,100,0.001261,Yes
11I2.txt,Greedy_MaxProfitWeight,11017,10017,100,0.001151,Yes
11I2.txt,Greedy_MinConflicts,23407,22287,112,0.001153,Yes
11I2.txt,GRASP_100_0.3,15712,14632,108,8.128197,Yes
11I3.txt,Greedy_MaxProfit,31520,30520,100,0.001190,Yes
11I3.txt,Greedy_MinWeight,8492,7572,92,0.001139,Yes
11I3.txt,Greedy_MaxProfitWeight,8492,7572,92,0.001090,Yes
11I3.txt,Greedy_MinConflicts,22635,21535,110,0.001151,Yes
11I3.txt,GRASP_100_0.3,16181,15051,113,8.370241,Yes
11I4.txt,Greedy_MaxProfit,30799,29799,100,0.001180,Yes
11I4.txt,Greedy_MinWeight,10571,9561,101,0.001189,Yes
11I4.txt,Greedy_MaxProfitWeight,10571,9561,101,0.001107,Yes
11I4.txt,Greedy_MinConflicts,23345,22205,114,0.001157,Yes
11I4.txt,GRASP_100_0.3,16653,15533,112,8.201613,Yes
11I5.txt,Greedy_MaxProfit,31375,30355,102,0.001302,Yes
11I5.txt,Greedy_MinWeight,10002,8992,101,0.001141,Yes
11I5.txt,Greedy_MaxProfitWeight,10002,8992,101,0.001102,Yes
11I5.txt,Greedy_MinConflicts,24946,23776,117,0.001285,Yes
11I5.txt,GRASP_100_0.3,17310,16210,110,8.623743,Yes
12I1.txt,Greedy_MaxProfit,20040,19470,57,0.000724,Yes
12I1.txt,Greedy_MinWeight,5380,4800,58,0.000707,Yes
12I1.txt,Greedy_MaxProfitWeight,5380,4800,58,0.000694,Yes
12I1.txt,Greedy_MinConflicts,16118,15448,67,0.000698,Yes
12I1.txt,GRASP_100_0.3,8268,7628,64,2.822771,Yes
12I2.txt,Greedy_MaxProfit,18860,18280,58,0.000766,Yes
12I2.txt,Greedy_MinWeight,6066,5436,63,0.000784,Yes
12I2.txt,Greedy_MaxProfitWeight,6066,5436,63,0.000744,Yes
12I2.txt,Greedy_MinConflicts,13646,13006,64,0.000693,Yes
12I2.txt,GRASP_100_0.3,8364,7724,64,2.699560,Yes
12I3.txt,Greedy_MaxProfit,18921,18341,58,0.000746,Yes
12I3.txt,Greedy_MinWeight,4755,4175,58,0.000738,Yes
12I3.txt,Greedy_MaxProfitWeight,4755,4175,58,0.000676,Yes
12I3.txt,Greedy_MinConflicts,12245,11615,63,0.000696,Yes
12I3.txt,GRASP_100_0.3,8121,7471,65,2.833243,Yes
12I4.txt,Greedy_MaxProfit,18976,18406,57,0.000722,Yes
12I4.txt,Greedy_MinWeight,5842,5272,57,0.000710,Yes
12I4.txt,Greedy_MaxProfitWeight,5842,5272,57,0.000736,Yes
12I4.txt,Greedy_MinConflicts,13613,12953,66,0.000756,Yes
12I4.txt,GRASP_100_0.3,8467,7867,60,2.762556,Yes
12I5.txt,Greedy_MaxProfit,18478,17888,59,0.000755,Yes
12I5.txt,Greedy_MinWeight,5931,5331,60,0.000640,Yes
12I5.txt,Greedy_MaxProfitWeight,5931,5331,60,0.000679,Yes
12I5.txt,Greedy_MinConflicts,15000,14330,67,0.000721,Yes
12I5.txt,GRASP_100_0.3,8699,8079,62,2.737541,Yes
13I1.txt,Greedy_MaxProfit,13294,12894,40,0.000624,Yes
13I1.txt,Greedy_MinWeight,3431,2991,44,0.000616,Yes
13I1.txt,Greedy_MaxProfitWeight,3431,2991,44,0.000568,Yes
13I1.txt,Greedy_MinConflicts,9555,9105,45,0.000523,Yes
13I1.txt,GRASP_100_0.3,5907,5437,47,1.436500,Yes
13I2.txt,Greedy_MaxProfit,13747,13347,40,0.000547,Yes
13I2.txt,Greedy_MinWeight,4509,4089,42,0.000548,Yes
13I2.txt,Greedy_MaxProfitWeight,4509,4089,42,0.000504,Yes
13I2.txt,Greedy_MinConflicts,9777,9317,46,0.000570,Yes
13I2.txt,GRASP_100_0.3,6651,6201,45,1.534911,Yes
13I3.txt,Greedy_MaxProfit,14540,14120,42,0.000649,Yes
13I3.txt,Greedy_MinWeight,3544,3134,41,0.000557,Yes
13I3.txt,Greedy_MaxProfitWeight,3544,3134,41,0.000512,Yes
13I3.txt,Greedy_MinConflicts,9318,8878,44,0.000507,Yes
13I3.txt,GRASP_100_0.3,5864,5414,45,1.445271,Yes
13I4.txt,Greedy_MaxProfit,13749,13359,39,0.000549,Yes
13I4.txt,Greedy_MinWeight,3749,3329,42,0.000526,Yes
13I4.txt,Greedy_MaxProfitWeight,3749,3329,42,0.000484,Yes
13I4.txt,Greedy_MinConflicts,8109,7659,45,0.000514,Yes
13I4.txt,GRASP_100_0.3,5929,5469,46,1.449678,Yes
13I5.txt,Greedy_MaxProfit,14021,13581,44,0.000562,Yes
13I5.txt,Greedy_MinWeight,3238,2818,42,0.000516,Yes
13I5.txt,Greedy_MaxProfitWeight,3238,2818,42,0.000510,Yes
13I5.txt,Greedy_MinConflicts,9831,9391,44,0.000541,Yes
13I5.txt,GRASP_100_0.3,5810,5330,48,1.406573,Yes
14I1.txt,Greedy_MaxProfit,11276,10956,32,0.000534,Yes
14I1.txt,Greedy_MinWeight,2121,1811,31,0.000550,Yes
14I1.txt,Greedy_MaxProfitWeight,2121,1811,31,0.000466,Yes
14I1.txt,Greedy_MinConflicts,7083,6723,36,0.000505,Yes
14I1.txt,GRASP_100_0.3,4392,4022,37,0.946651,Yes
14I2.txt,Greedy_MaxProfit,10098,9808,29,0.000485,Yes
14I2.txt,Greedy_MinWeight,2517,2197,32,0.000490,Yes
14I2.txt,Greedy_MaxProfitWeight,2517,2197,32,0.000450,Yes
14I2.txt,Greedy_MinConflicts,7597,7237,36,0.000467,Yes
14I2.txt,GRASP_100_0.3,4620,4270,35,0.967422,Yes
14I3.txt,Greedy_MaxProfit,11590,11260,33,0.000514,Yes
14I3.txt,Greedy_MinWeight,2059,1739,32,0.000490,Yes
14I3.txt,Greedy_MaxProfitWeight,2059,1739,32,0.000437,Yes
14I3.txt,Greedy_MinConflicts,7037,6697,34,0.000476,Yes
14I3.txt,GRASP_100_0.3,4755,4395,36,0.943527,Yes
14I4.txt,Greedy_MaxProfit,11025,10705,32,0.000488,Yes
14I4.txt,Greedy_MinWeight,2708,2378,33,0.000464,Yes
14I4.txt,Greedy_MaxProfitWeight,2708,2378,33,0.000414,Yes
14I4.txt,Greedy_MinConflicts,7593,7243,35,0.000462,Yes
14I4.txt,GRASP_100_0.3,4432,4092,34,0.944036,Yes
14I5.txt,Greedy_MaxProfit,10283,9963,32,0.000763,Yes
14I5.txt,Greedy_MinWeight,2953,2643,31,0.000691,Yes
14I5.txt,Greedy_MaxProfitWeight,2953,2643,31,0.000532,Yes
14I5.txt,Greedy_MinConflicts,7173,6803,37,0.000501,Yes
14I5.txt,GRASP_100_0.3,4435,4095,34,0.933870,Yes
15I1.txt,Greedy_MaxProfit,9051,8781,27,0.000456,Yes
15I1.txt,Greedy_MinWeight,1506,1256,25,0.000450,Yes
15I1.txt,Greedy_MaxProfitWeight,1506,1256,25,0.000680,Yes
15I1.txt,Greedy_MinConflicts,5497,5217,28,0.000378,Yes
15I1.txt,GRASP_100_0.3,3294,3004,29,0.624256,Yes
15I2.txt,Greedy_MaxProfit,9484,9224,26,0.000460,Yes
15I2.txt,Greedy_MinWeight,2326,2056,27,0.000402,Yes
15I2.txt,Greedy_MaxProfitWeight,2326,2056,27,0.000343,Yes
15I2.txt,Greedy_MinConflicts,6538,6248,29,0.000374,Yes
15I2.txt,GRASP_100_0.3,3432,3152,28,0.660289,Yes
15I3.txt,Greedy_MaxProfit,9505,9235,27,0.000400,Yes
15I3.txt,Greedy_MinWeight,2201,1931,27,0.000418,Yes
15I3.txt,Greedy_MaxProfitWeight,2201,1931,27,0.000349,Yes
15I3.txt,Greedy_MinConflicts,4635,4355,28,0.000373,Yes
15I3.txt,GRASP_100_0.3,3948,3648,30,0.653300,Yes
15I4.txt,Greedy_MaxProfit,8753,8493,26,0.000414,Yes
15I4.txt,Greedy_MinWeight,2547,2277,27,0.000432,Yes
15I4.txt,Greedy_MaxProfitWeight,2547,2277,27,0.000358,Yes
15I4.txt,Greedy_MinConflicts,6442,6152,29,0.000414,Yes
15I4.txt,GRASP_100_0.3,3945,3625,32,0.676127,Yes
15I5.txt,Greedy_MaxProfit,8538,8278,26,0.000449,Yes
15I5.txt,Greedy_MinWeight,1469,1229,24,0.000428,Yes
15I5.txt,Greedy_MaxProfitWeight,1469,1229,24,0.000374,Yes
15I5.txt,Greedy_MinConflicts,5574,5284,29,0.000381,Yes
15I5.txt,GRASP_100_0.3,3737,3447,29,0.629225,Yes
16I1.txt,Greedy_MaxProfit,34837,33747,109,0.001671,Yes
16I1.txt,Greedy_MinWeight,11159,10059,110,0.001680,Yes
16I1.txt,Greedy_MaxProfitWeight,11159,10059,110,0.001730,Yes
16I1.txt,Greedy_MinConflicts,24597,23357,124,0.001677,Yes
16I1.txt,GRASP_100_0.3,15419,14289,113,12.726323,Yes
16I2.txt,Greedy_MaxProfit,36056,34946,111,0.002056,Yes
16I2.txt,Greedy_MinWeight,10112,9042,107,0.001606,Yes
16I2.txt,Greedy_MaxProfitWeight,10112,9042,107,0.001711,Yes
16I2.txt,Greedy_MinConflicts,25509,24279,123,0.001703,Yes
16I2.txt,GRASP_100_0.3,16807,15647,116,12.611418,Yes
16I3.txt,Greedy_MaxProfit,34621,33541,108,0.001959,Yes
16I3.txt,Greedy_MinWeight,10227,9147,108,0.001695,Yes
16I3.txt,Greedy_MaxProfitWeight,10227,9147,108,0.001628,Yes
16I3.txt,Greedy_MinConflicts,25411,24181,123,0.001677,Yes
16I3.txt,GRASP_100_0.3,16274,15084,119,13.184330,Yes
16I4.txt,Greedy_MaxProfit,35169,34079,109,0.002108,Yes
16I4.txt,Greedy_MinWeight,11628,10518,111,0.001721,Yes
16I4.txt,Greedy_MaxProfitWeight,11628,10518,111,0.001694,Yes
16I4.txt,Greedy_MinConflicts,25446,24256,119,0.001698,Yes
16I4.txt,GRASP_100_0.3,16807,15617,119,12.492500,Yes
16I5.txt,Greedy_MaxProfit,35450,34340,111,0.001728,Yes
16I5.txt,Greedy_MinWeight,9697,8587,111,0.001639,Yes
16I5.txt,Greedy_MaxProfitWeight,9697,8587,111,0.001724,Yes
16I5.txt,Greedy_MinConflicts,24866,23676,119,0.001602,Yes
16I5.txt,GRASP_100_0.3,13845,12705,114,12.374272,Yes
17I1.txt,Greedy_MaxProfit,19682,19082,60,0.001049,Yes
17I1.txt,Greedy_MinWeight,4876,4296,58,0.001010,Yes
17I1.txt,Greedy_MaxProfitWeight,4876,4296,58,0.000929,Yes
17I1.txt,Greedy_MinConflicts,13326,12666,66,0.001047,Yes
17I1.txt,GRASP_100_0.3,8564,7884,68,4.005320,Yes
17I2.txt,Greedy_MaxProfit,22024,21394,63,0.001061,Yes
17I2.txt,Greedy_MinWeight,5198,4608,59,0.001055,Yes
17I2.txt,Greedy_MaxProfitWeight,5198,4608,59,0.000993,Yes
17I2.txt,Greedy_MinConflicts,12132,11462,67,0.001034,Yes
17I2.txt,GRASP_100_0.3,6981,6341,64,4.087969,Yes
17I3.txt,Greedy_MaxProfit,21423,20793,63,0.001010,Yes
17I3.txt,Greedy_MinWeight,5762,5142,62,0.000996,Yes
17I3.txt,Greedy_MaxProfitWeight,5762,5142,62,0.000940,Yes
17I3.txt,Greedy_MinConflicts,15623,14943,68,0.001000,Yes
17I3.txt,GRASP_100_0.3,8715,8015,70,4.241347,Yes
17I4.txt,Greedy_MaxProfit,20962,20332,63,0.001095,Yes
17I4.txt,Greedy_MinWeight,5855,5195,66,0.001178,Yes
17I4.txt,Greedy_MaxProfitWeight,5855,5195,66,0.001041,Yes
17I4.txt,Greedy_MinConflicts,14431,13751,68,0.000983,Yes
17I4.txt,GRASP_100_0.3,9438,8708,73,4.196008,Yes
17I5.txt,Greedy_MaxProfit,19534,18944,59,0.001280,Yes
17I5.txt,Greedy_MinWeight,5993,5363,63,0.001042,Yes
17I5.txt,Greedy_MaxProfitWeight,5993,5363,63,0.000964,Yes
17I5.txt,Greedy_MinConflicts,14449,13759,69,0.001002,Yes
17I5.txt,GRASP_100_0.3,8006,7356,65,4.192498,Yes
18I1.txt,Greedy_MaxProfit,14590,14160,43,0.000861,Yes
18I1.txt,Greedy_MinWeight,3582,3152,43,0.000827,Yes
18I1.txt,Greedy_MaxProfitWeight,3582,3152,43,0.000758,Yes
18I1.txt,Greedy_MinConflicts,11812,11312,50,0.000745,Yes
18I1.txt,GRASP_100_0.3,5459,4979,48,2.275990,Yes
18I2.txt,Greedy_MaxProfit,14777,14337,44,0.000741,Yes
18I2.txt,Greedy_MinWeight,3914,3474,44,0.000739,Yes
18I2.txt,Greedy_MaxProfitWeight,3914,3474,44,0.000747,Yes
18I2.txt,Greedy_MinConflicts,9865,9405,46,0.000740,Yes
18I2.txt,GRASP_100_0.3,5488,4998,49,2.138741,Yes
18I3.txt,Greedy_MaxProfit,14503,14053,45,0.000841,Yes
18I3.txt,Greedy_MinWeight,3213,2773,44,0.000759,Yes
18I3.txt,Greedy_MaxProfitWeight,3213,2773,44,0.000728,Yes
18I3.txt,Greedy_MinConflicts,10751,10221,53,0.000759,Yes
18I3.txt,GRASP_100_0.3,5708,5228,48,2.230069,Yes
18I4.txt,Greedy_MaxProfit,15693,15233,46,0.000832,Yes
18I4.txt,Greedy_MinWeight,3152,2702,45,0.000794,Yes
18I4.txt,Greedy_MaxProfitWeight,3152,2702,45,0.000728,Yes
18I4.txt,Greedy_MinConflicts,11342,10822,52,0.000724,Yes
18I4.txt,GRASP_100_0.3,6084,5584,50,2.161049,Yes
18I5.txt,Greedy_MaxProfit,15343,14903,44,0.000788,Yes
18I5.txt,Greedy_MinWeight,3738,3278,46,0.000755,Yes
18I5.txt,Greedy_MaxProfitWeight,3738,3278,46,0.000760,Yes
18I5.txt,Greedy_MinConflicts,8908,8458,45,0.000699,Yes
18I5.txt,GRASP_100_0.3,6030,5570,46,2.168595,Yes
19I1.txt,Greedy_MaxProfit,12203,11833,37,0.000756,Yes
19I1.txt,Greedy_MinWeight,1831,1511,32,0.000717,Yes
19I1.txt,Greedy_MaxProfitWeight,1831,1511,32,0.000653,Yes
19I1.txt,Greedy_MinConflicts,9793,9413,38,0.000585,Yes
19I1.txt,GRASP_100_0.3,4039,3679,36,1.353892,Yes
19I2.txt,Greedy_MaxProfit,12113,11763,35,0.000757,Yes
19I2.txt,Greedy_MinWeight,1381,1091,29,0.000676,Yes
19I2.txt,Greedy_MaxProfitWeight,1381,1091,29,0.000621,Yes
19I2.txt,Greedy_MinConflicts,7811,7461,35,0.000605,Yes
19I2.txt,GRASP_100_0.3,4600,4250,35,1.339832,Yes
19I3.txt,Greedy_MaxProfit,11148,10818,33,0.000792,Yes
19I3.txt,Greedy_MinWeight,1891,1551,34,0.000727,Yes
19I3.txt,Greedy_MaxProfitWeight,1891,1551,34,0.000693,Yes
19I3.txt,Greedy_MinConflicts,6681,6301,38,0.000599,Yes
19I3.txt,GRASP_100_0.3,4476,4116,36,1.395750,Yes
19I4.txt,Greedy_MaxProfit,11224,10894,33,0.000812,Yes
19I4.txt,Greedy_MinWeight,3087,2737,35,0.000695,Yes
19I4.txt,Greedy_MaxProfitWeight,3087,2737,35,0.000636,Yes
19I4.txt,Greedy_MinConflicts,8242,7852,39,0.000620,Yes
19I4.txt,GRASP_100_0.3,4371,4021,35,1.386180,Yes
19I5.txt,Greedy_MaxProfit,12177,11827,35,0.000841,Yes
19I5.txt,Greedy_MinWeight,2258,1908,35,0.000786,Yes
19I5.txt,Greedy_MaxProfitWeight,2258,1908,35,0.000706,Yes
19I5.txt,Greedy_MinConflicts,7628,7298,33,0.000598,Yes
19I5.txt,GRASP_100_0.3,4949,4569,38,1.385158,Yes
20I1.txt,Greedy_MaxProfit,9459,9169,29,0.000686,Yes
20I1.txt,Greedy_MinWeight,1653,1393,26,0.000649,Yes
20I1.txt,Greedy_MaxProfitWeight,1653,1393,26,0.000583,Yes
20I1.txt,Greedy_MinConflicts,6959,6649,31,0.000514,Yes
20I1.txt,GRASP_100_0.3,3444,3144,30,0.913941,Yes
20I2.txt,Greedy_MaxProfit,9214,8944,27,0.000672,Yes
20I2.txt,Greedy_MinWeight,2607,2327,28,0.000719,Yes
20I2.txt,Greedy_MaxProfitWeight,2607,2327,28,0.000579,Yes
20I2.txt,Greedy_MinConflicts,6557,6257,30,0.000540,Yes
20I2.txt,GRASP_100_0.3,3840,3530,31,0.924165,Yes
20I3.txt,Greedy_MaxProfit,10061,9781,28,0.000726,Yes
20I3.txt,Greedy_MinWeight,2043,1763,28,0.000625,Yes
20I3.txt,Greedy_MaxProfitWeight,2043,1763,28,0.000579,Yes
20I3.txt,Greedy_MinConflicts,6074,5764,31,0.000515,Yes
20I3.txt,GRASP_100_0.3,3990,3700,29,0.956240,Yes
20I4.txt,Greedy_MaxProfit,9835,9535,30,0.000652,Yes
20I4.txt,Greedy_MinWeight,1663,1393,27,0.000670,Yes
20I4.txt,Greedy_MaxProfitWeight,1663,1393,27,0.000585,Yes
20I4.txt,Greedy_MinConflicts,6892,6582,31,0.000518,Yes
20I4.txt,GRASP_100_0.3,3659,3339,32,0.919085,Yes
20I5.txt,Greedy_MaxProfit,9983,9693,29,0.000661,Yes
20I5.txt,Greedy_MinWeight,2176,1886,29,0.000722,Yes
20I5.txt,Greedy_MaxProfitWeight,2176,1886,29,0.000626,Yes
20I5.txt,Greedy_MinConflicts,6866,6536,33,0.000581,Yes
20I5.txt,GRASP_100_0.3,3444,3154,29,0.947988,Yes
